model,train_accuracy,train_auc,test_accuracy,test_auc,precision,recall,f1_score,training_time
LightGBM,0.973925,0.9873867889244438,0.97265,0.9793548810833981,0.9801488833746899,0.6937939110070258,0.8124785738772712,0.4787015914916992
