model,accuracy,auc,precision,recall,f1_score,training_time
LightGBM,0.97265,0.9793548810833981,0.9801488833746899,0.6937939110070258,0.8124785738772712,0.24599075317382812
