model,accuracy,auc,precision,recall,f1_score,training_time
XGBoost,0.97105,0.9781918747449007,0.9541432019308126,0.6943793911007026,0.8037953236191122,0.1924901008605957
